label,text
neutral,유엔상임이사국끼리 따로 회의가 있어
neutral,그 땐 터줏대감이었더라도 지금은 아냐
neutral,샌프란시스코에서는 그렇게 입지마
neutral,요즘 대세는 웨이트트레이닝이야
neutral,걔가 또 좋다고 히히덕거렸겠구나
neutral,비상대책위원회를 해체해도 좋습니다.
neutral,이 분은 미디어저널리즘을 공부하셨대
neutral,현대중공업에서는 아무 소식이 없어?
neutral,돌아다니다보니 연료를 다 써버렸네
neutral,구독자들로부터 후원을 받고자 합니다
neutral,왁자지껄하게는 하지 말고 조용히 놀자
neutral,연구윤리규정 제정일을 명시하세요
neutral,인수위원회가 누구로 구성돼 있었지?
neutral,기차는 꼭 융프라우에서 갈아타자
neutral,기본 색상을 버건디레드로 잡아놔줘
neutral,이건 예가체프에서 수입한 원두랍니다
neutral,신문방송학과 조교님 어디 계시지?
neutral,코발트블루가 더 나은 것 같은 느낌이야
neutral,서류가 누락됐으니 다시 신청해주세요
neutral,부산에 있는 아쿠아리움이 제일 비싸
neutral,아래 두 답변 중 무엇을 고르시겠어요?
neutral,코스타리카산 원두 한 봉지만 주세요
neutral,그 목걸이에는 아쿠아마린을 달아놔
neutral,정답을 모르겠더라도 낙담하지 말아요
neutral,빨래한 옷은 난로가에다 말려주겠니?
neutral,카키색하고 회색 중에 아무거나 골라
neutral,정부는 미세먼지 응급대책을 발표했다
neutral,역내에는 소매치기가 많지 않았니?
neutral,옆집에다 그 선글라스를 놔두고 오자
neutral,먼지 털 때 그 궤짝 통째로 옮겨야만해
neutral,두려움이란 건 생각해보면 별 게 아니야
neutral,반려동물로 부르는 게 더 맞는 말이야?
neutral,다 하고 침대 위에 베개를 올려놓으렴
neutral,프로그램 편성을 전면적으로 바꿀까요?
neutral,우리 수영장에서 경기 하나 개최할까?
neutral,여기다가는 아무것도 올리지 말아줘
neutral,우리집 큰방에 에어컨이 켜져있었어
neutral,혼자 생각해보는 시간이 필요하니?
neutral,혹시 저체온증이 있으시면 알려주세요
neutral,상 위에 태블릿피씨 좀 가져다 주라
neutral,멸치 국물을 그거보다 더 많이 넣어줘
neutral,그 편의점에 이제 니가 가서 일을 해봐
neutral,과자도 다 떨어져서 구입해야 한대요
neutral,오늘 손님들께 대접한 요리가 뭐였죠?
neutral,이 앞 분식집에 순대 먹으러 갔다 오자
neutral,화분부터 옮기는 게 좋을 것 같습니다.
neutral,좀 있다 비가 온다는데 우산은 가져왔니?
neutral,국물이 끓고 있을 때 대파를 넣어줘요
neutral,그 사람 이름을 알았는데 까먹었네
neutral,너 샤워 후에 수건을 어디다 걸어놨어?
neutral,"볶음밥은 니가, 생선은 내가 하는게 어때"
neutral,우체통에 휴대폰 명세서 있는지 봐봐
neutral,아랫집은 신문을 세 개 구독 받는다
neutral,그 요리책을 너희 남편이 썼다는 거야?
neutral,그래서 안동에서 셔틀버스 타는거지?
neutral,영화관에 들어가서 휴대폰은 꺼놓으렴
neutral,오늘 오전에 아버지가 왔다 가셨나?
neutral,잠이 안 오면 일어나서 운동을 좀 해
neutral,저쪽에 있는 실로폰 연주자를 안다고?
neutral,대관일을 맞춰서 공연을 올려면 좋겠어
neutral,공연장 안에서 그런거 먹으면 안돼
neutral,마음 맞는 사람을 찾는 게 쉽지는 않지
neutral,무슨 음악을 들으면 공부가 더 잘 되지?
neutral,이 방 안에는 아무도 없는 줄 알았어
neutral,이번 여름에 속초나 한번 가보면 어때?
neutral,우리 여기서 물 조금만 더 마시고 갈래?
neutral,거긴 물티슈 말고 꼭 휴지로 닦아줘
neutral,아까 진입로 놓쳐서 빙빙 돌다가 왔어
neutral,저기 있는 분의 이름을 혹시 아나요?
neutral,자유로 타고 쭉 가다가 빠지면 될거야
neutral,서양란 화분은 너무 높이 올리지 마세요
neutral,농구는 중국이 일본을 큰 격차로 이겼대
neutral,여기서 우리 밴드부 활동을 해도 되나?
neutral,저기서 파는 호박을 두어개 사면 어때요?
neutral,여의도 가서 조깅 좀 하다가 돌아와
neutral,너한텐 스팸 문자가 한번도 안 왔어?
neutral,꿈에서 봤던 내용을 여기 적어서 주세요
neutral,대기 순번을 받고 잠시만 기다려 주세요
neutral,여름에 제일 좋은 건 시원한 얼음 빙수야
neutral,연륜을 쌓으면 저런 사람이 될 수 있을까
neutral,화장실 청소는 너한테 맡겨도 되겠지?
neutral,드시고 나서 사용한 컵을 여기에 두세요
neutral,심폐소생술 자격증 취득을 원하시면 인터넷으로 신청해주세요.
neutral,주연 배우 캐스팅이 마무리되는 대로 촬영을 시작할 거래.
neutral,드라마 관계자분들은 모두 회의실로 들어와 주십시오.
neutral,현재 본 사건과 관련하여 내부 감사를 진행하고 있습니다.
neutral,불국사와 석굴암은 유네스코 세계문화유산으로 등재되어 있어.
neutral,우정을 진화심리학의 관점에서 분석하려는 시도가 있었습니다.
neutral,"죄송하지만, 여기서 가장 가까운 버스 정류장이 어디에 있습니까?"
neutral,소설 백경의 주인공으로 나왔던 향유고래의 몸무게는 수십 톤에 달합니다.
neutral,지구 온난화로 인해 나타나는 현상들을 잘 정리해보세요.
neutral,국립중앙박물관의 개관 시간은 오전 10시입니다.
neutral,5월은 가정의 달이라 특별 공연이 많이 계획되어 있대.
neutral,"오늘 오후에 비가 온다고 하니까, 우산을 꼭 챙겨."
neutral,불규칙한 식사 습관과 과식은 소화 불량의 원인이 돼.
neutral,그 문제는 중앙선거관리위원회에 문의해보셔야 합니다.
neutral,북미 정상회담의 일정과 장소가 이번 주 내로 공개될 예정입니다.
neutral,"파블로 피카소의 그림이 1,500억 원에 낙찰되었대요."
neutral,두산베어스 선수단이 내일 호주로 전지훈련을 떠날 거래.
neutral,이 대리와 김 대리는 내일 백화점에서 시장조사를 해주세요.
neutral,화장품도 유통기한과 제조 일자를 꼭 확인하고 써야 해.
neutral,그럼 내일 오전 9시에 회사 앞 카페에서 뵙죠.
neutral,개명은 법률상 이름을 바꾸는 일을 말해.
neutral,황제펭귄은 지구상에 있는 펭귄 중 몸집이 가장 커.
neutral,양키스타디움은 메이저리그를 상징하는 야구장이죠.
neutral,지문으로 범인을 찾을 방법에 대해 알고 계세요?
neutral,발표 자료는 회의 전에 미리 메일로 보내주세요.
neutral,전염병을 예방하려면 철저한 소독과 멸균이 중요합니다.
neutral,"노르웨이에 가실 거라면, 여름이 가장 여행하기 좋은 계절이에요."
neutral,미국 하와이주 하와이 섬에서 7일째 화산 지진 활동이 계속되고 있어.
neutral,입춘은 대한과 우수 사이에 있는 절기입니다.
neutral,"아보카도는 멕시코가 원산지이고, 비타민과 미네랄이 풍부한 과일이에요."
neutral,오트밀은 식이섬유가 풍부해서 아침 식사 대용으로도 좋아.
neutral,프랑스 인권 선언은 1789년에 선포되었습니다.
neutral,프로젝트 마무리되는 대로 연락해주세요.
neutral,오늘 나눠드린 유인물은 다음 수업 시간에도 꼭 챙겨오세요.
neutral,다 쓰신 일회용 컵은 여기에 두시면 됩니다.
neutral,다음 달 경에 한 번 들를 일이 있을 것 같아.
neutral,내일은 자폐인의 날이니 파란색 티를 입고 오렴.
neutral,주차장 바닥 공사가 예정되어 있으니 차량을 이동시켜주세요.
neutral,기숙사 생활을 할 때는 생활이 규칙적이었어.
neutral,"최 대리, 거래처에서 회의 장소 관련 메일을 보냈더라."
neutral,민주주의 국가의 주인은 국민입니다.
neutral,결제가 정상적으로 완료되었습니다.
neutral,소중한 정보 보호를 위해 주기적으로 비밀번호를 변경해 주세요.
neutral,손해보험 홈페이지 회원이 되신 것을 환영합니다.
neutral,오늘은 폭염 수준의 더위가 누그러지겠습니다.
neutral,피부 노화를 막으려면 유수분 균형에 신경 쓰셔야 합니다.
neutral,자외선에 노출된 모발은 단백질이 파괴되고 윤기와 탄력을 잃어요.
neutral,바다의 포식자로 불리는 백상아리 한 마리가 발견되었어요.
neutral,투표는 국민의 권리입니다.
neutral,소방차의 출동을 방해할 경우 최대 200만 원의 과태료가 부과된대.
neutral,언제부터 소방차는 빨간색이 되었을까?
neutral,오신 순서대로 처리해 드리겠습니다.
neutral,신용카드를 지참하시고 고객센터에서 영수증 재발급을 받으면 됩니다.
neutral,해변가에 상어가 출몰해 피서객들의 주의가 필요합니다.
neutral,방울토마토는 꼭지가 싱싱한 게 좋은 상품이야.
neutral,"아침은 쌀밥 대신 귀리나 오트밀, 점심은 황제처럼, 저녁은 든든하게."
neutral,오늘 점심 특선 메뉴는 갈비탕이래.
neutral,"회원님, 영화 예매가 완료되었습니다."
neutral,기프티카드로 소중한 사람들에게 마음을 전하세요.
neutral,콜드 부루는 커피 원두를 차가운 물로 오랜 시간을 들여 우려내는 방식을 말해.
neutral,무분별한 종이컵 사용을 자제하고 텀블러 사용을 생활화합시다.
neutral,미세먼지 제거에 효과적인 공기청정기를 추천해주세요.
neutral,하루 7~8시간의 수면이 건강에 가장 좋다는 연구결과가 나왔어.
neutral,오늘 점심을 누가 살지 사다리 타기로 정하자.
neutral,에너지 절약과 건강을 위해 저층은 계단을 이용합시다.
neutral,정부가 권장하는 여름철 실내 적정 온도는 26에서 28도입니다.
neutral,반소매 와이셔츠에 넥타이를 매지 않으면 체감온도를 이도 낮출 수 있어.
neutral,이번 회식에 참석이 어려우신 분들은 미리 말씀해 주세요.
neutral,칸에서 수상한 영화인 만큼 작품성은 보장하지.
neutral,"음식은 맛도 중요하지만, 스타일링도 중요하다고 생각해."
neutral,원만한 인간관계를 위해서는 하얀 거짓말도 필요하다고 봐.
neutral,다이어트를 하려면 기초대사량을 높이는 게 중요해.
neutral,점심때 상추를 먹어서 졸린 게 아니라 만성피로가 문제야.
neutral,커피를 많이 마시면 이뇨작용이 심해져서 물을 더 많이 마셔줘야 해.
neutral,내 동안의 비결은 육식보다는 채식을 선호한다는 거야.
neutral,내일 건강검진 예약이 되어 있어서 오늘 저녁은 금식이야.
neutral,부모님의 결혼기념일 선물로 뭐가 좋을까?
neutral,피자는 이렇게 손으로 들고 먹어야 제맛이지.
neutral,비상구의 문을 잠그거나 물건을 쌓아두는 건 불법이야.
neutral,건강에 좋다고 착각하는 음식들이 의외로 많다고 해.
neutral,온라인에서 졸업 증명서와 성적 증명서 발급하는 방법을 알려주세요.
neutral,추가 주문하시겠습니까?
neutral,레몬의 상큼함이 입안 가득 퍼져요.
neutral,요즘 제주도에 맹독을 지닌 파란고리문어가 자주 출몰해.
neutral,올해 크리스마스는 무슨 요일이에요?
neutral,다이어트를 하신다면 식단 조절은 필수입니다.
neutral,내 텀블러가 어디 있지?
neutral,성함하고 핸드폰 번호만 우선 알려주세요.
neutral,여기서 명동성당까지 걷기에는 꽤 먼 거리야.
neutral,현금 영수증 하시겠어요?
neutral,내일도 전국이 맑고 포근하겠습니다.
neutral,주연 배우 캐스팅이 마무리 되는 대로 촬영을 시작할 거래.
neutral,관계자 분들은 모두 회의실로 들어와주십시오.
neutral,현재 본 사건과 관련하여 내부 감사를 진행하고 있습니다.
neutral,불국사와 석굴암은 유네스코 세계문화유산으로 등재되어 있어.
neutral,오늘 안에 입금을 완료해주셔야 합니다.
neutral,우정을 진화심리학의 관점에서 분석하려는 시도가 있었습니다.
neutral,광흥창역 일번 출구로 나오면 돼.
neutral,"죄송하지만, 여기서 가장 가까운 버스 정류장이 어디에 있습니까?"
neutral,향유고래의 몸무게는 수십톤에 달합니다.
neutral,국립중앙박물관의 개관 시간은 오전 열 시입니다.
neutral,"세종문화회관에서 사진전이 있다는데, 같이 가볼래?"
neutral,금동반가사유상은 국보 제 팔십삼호입니다.
neutral,오월은 가정의 달이라 특별 공연이 많이 계획되어 있대.
neutral,"오후에 비가 온다고 하니까, 우산을 꼭 챙겨."
neutral,포인트 적립은 나중에 할게요.
neutral,불규칙한 식사 습관과 과식은 소화 불량의 원인이 됩니다.
neutral,이 회사에도 살사 댄스 동호회가 있어?
neutral,북미정상회담의 일정과 장소가 이번 주내로 공개될 예정입니다.
neutral,아프가니스탄에서 지진으로 현재까지 열 명의 부상자가 발생했다고 전해졌습니다.
neutral,파블로 피카소의 그림이 천오백억원에 낙찰되었대요.
neutral,말초신경계는 몸 신경계와 자율신경계로 나뉩니다.
neutral,두산베어스 선수단이 내일 호주로 전지 훈련을 떠날 거래.
neutral,내일 오후에 나가서 시장조사를 해주세요.
neutral,화장품도 유통기한과 제조일자를 꼭 확인하고 써야해.
neutral,대한의사협회 종합학술대회가 열리는 장소가 여기 맞나요?
neutral,이태원에 새로 생긴 쌀국수집 가서 저녁 먹자.
neutral,그럼 내일 오전 아홉시에 회사 앞 스타벅스에서 뵙죠.
neutral,개명은 법률상 이름을 바꾸는 일을 말합니다.
neutral,황제펭귄은 지구상에 있는 펭귄 중 몸집이 가장 커.
neutral,지문으로 범인을 찾을 수 있는 방법에 대해 알고 계세요?
neutral,발표 자료는 회의 전에 미리 메일로 보내주세요.
neutral,요즘 제일 유명한 아이돌이 누구야?
neutral,의료감염을 예방하려면 철저한 소독과 멸균이 중요합니다.
neutral,국토교통부는 새 자동차번호판 개선안과 관련하여 오는 십구일에 공청회를 개최합니다.
neutral,"노르웨이에 여행을 가실 거라면, 여름이 가장 여행하기 좋은 계절이에요."
neutral,국립한글박물관에서 세종대왕 탄신일을 맞이하여 다양한 기념 문화 행사를 마련했습니다.
neutral,법원이 사건번호를 정하는 데는 일정한 규칙이 있어.
neutral,실내 온도를 좀 낮추는게 좋겠다.
neutral,이 근처에 유명한 맛집 어디 없나?
neutral,미국 하와이주 하와이섬에서 칠일째 화산 지진 활동이 계속되고 있어.
neutral,도서관 공사 관련 안내문을 확인해주세요.
neutral,이제 예식장 예약할 일만 남았다.
neutral,점심에 파스타랑 피자를 먹었어.
neutral,"아보카도는 멕시코가 원산지이고, 비타민과 미네랄이 풍부한 과일이에요."
neutral,오트밀은 식이섬유가 풍부해서 아침식사 대용으로도 좋아.
neutral,체코에 가 보신 적이 있나요?
neutral,부가세는 별도입니다.
neutral,프랑스 인권 선언은 천칠백팔십구년에 선포되었습니다.
neutral,지금 밖에 바람 많이 불어?
neutral,오늘 나눠드린 유인물은 다음 수업 시간에도 꼭 챙겨오세요.
neutral,그냥 계단으로 가자.
neutral,초록 색깔로 주세요.
neutral,오늘 낮기온은 22도래.
neutral,다 쓰신 종이컵은 여기에 두시면 됩니다.
neutral,학회는 8일부터 10일까지야.
neutral,우리 어머니 성함은 김미정이야.
neutral,"그래, 네가 알려준 대로만 할게."
neutral,음료는 아이스 아메리카노요.
neutral,22일까지만 주시면 될거예요.
neutral,어제 흰 셔츠에 검은 바지 입었던 분 말이지?
neutral,그 분이 분자생물학 분야 권위자라던데.
neutral,그저께 진수랑 현지랑 저녁먹었어.
neutral,다음 달 경에 한번 들를 일이 있을 것 같아.
neutral,형제가 있다고 했었나?
neutral,아마 30분 정도 뒤에 출발할걸?
neutral,그래 내일 보자.
neutral,"내가 자료조사 할테니까, 스트립트 작성은 네가 맡아줘."
neutral,흰 벽에 대문이 파란 색인 3층짜리 집이야.
neutral,쭉 가시다가 교차로 끼고 오른쪽으로 도시면 보여요.
neutral,스키폴 공항은 두 도시 중간쯤에 있어.
neutral,둘 다 마무리 되면 연락해줘.
neutral,나는 점심으로 냉면 먹었어.
neutral,오늘 저녁에 잠깐 장보러 가야돼.
neutral,거기도 상자 같은 거 판대?
neutral,우편함 안에 보면 작은 열쇠 있을거야.
neutral,"좋아, 그럴게."
neutral,혹시 핸드폰 충전기 보면 말해줘.
neutral,난 그럼 이제 가볼게.
neutral,본가는 경상남도 진주야.
neutral,할머니가 전화교환원이셨어.
neutral,강아지 두 마리를 길러요.
neutral,식초랑 겨자는 오른쪽에 있어요.
neutral,물 좀 줄래?
neutral,냅킨 좀.
neutral,수지도 올거야.
neutral,교수님도 시간되면 오실걸?
neutral,내일은 자폐인의 날이니 파란색 티를 입고 오렴.
neutral,천장 마감재가 뭘까요?
neutral,유리는 혹시 모르니 강화유리로 해주세요.
neutral,오늘은 한 다섯 분이 오신대.
neutral,포스가 혹시 고장나면 이리로 전화해.
neutral,나는 천칭자리고 그 이는 사수자리야.
neutral,민정이가 그 영화 시사회 갔었는데.
neutral,이 의자는 나무네.
neutral,물이 약간 미지근하네.
neutral,엄마 잠시만.
neutral,핸드폰 봐봐.
neutral,구름이 조금 있을 거래.
neutral,가방 샀네?
neutral,이장님네 강아지다.
neutral,밭 좀 보고 오마.
neutral,여권 챙겨.
neutral,요즘은 백야라 해가 엄청 늦게 져.
neutral,약간만 데워먹자.
neutral,정산 끝나면 퇴근하세요.
neutral,그 상자가 이 크기 두 배쯤 돼.
neutral,벨기에 수도는 브뤼셀일걸.
neutral,미국 서부에 한 번 가봤어.
neutral,영어랑 일본어 하실거야 아마.
neutral,부모님하고 같이 사시던데.
neutral,제가 적을게요.
neutral,카페라떼 우유는 두유로 바꿔주세요.
neutral,여기에는 이 부분을 추가하는게 어때?
neutral,소파도 저리로 옮겨줘.
neutral,정 교수님이 너를 찾으셔.
neutral,조명을 여기 한 개만 더 달자.
neutral,주거래 은행이 어디야.
neutral,다 쓴 시트는 빨래 바구니에 넣어주세요.
neutral,화장실은 2층에 있어.
neutral,나가서 왼쪽으로 쭉 올라가.
neutral,한 세 블록 쯤 걸어가면 돼.
neutral,나는 황소자리고 띠는 원숭이띠야.
neutral,그 이는 꼭 샷 추가를 해서 마셔.
neutral,빨간색이랑 초록색은 서로 보색이야.
neutral,지렁이가 아마 환형동물일걸.
neutral,금일 세 시부터 단수 예정입니다.
neutral,도로가 4차선일거에요.
neutral,주차장 바닥 공사가 예정되어 있으므로 차량을 이동시켜주세요.
neutral,저 풀 이름은 팜파스야.
neutral,색깔은 다섯 종류가 있다고 해.
neutral,그러면 한 한 시간 뒤에 전화줄래?
neutral,전봇대 매립 공사를 아직 안 했네.
neutral,상계동에 온곡중학교라고 있거든.
neutral,기숙사 생활을 할 때에는 생활이 규칙적이었어.
neutral,나 화장실 좀 다녀올게.
neutral,바지하고 블라우스 주문했어.
neutral,설거지는 내가 할게 쓰레기 좀 버려줘.
neutral,그 언니는 신문방송학과 출신일거야.
neutral,거래처에서 회의장소 관련 메일을 보냈더라.
neutral,저런 스피커는 대략 얼마쯤 하지?
neutral,혹시 지금 흐르는 음악 제목이 뭐에요?
neutral,노란색 옷을 입었으니까 밑에는 이걸 입어야겠다.
neutral,이미 식장 예약은 마친 모양이던데.
neutral,이런 색을 월넛 브라운이라고 하나.
neutral,하루 두 잔이 적정선인 것 같아.
neutral,다마스는 렌탈이 안 된대.
neutral,예상 단가에 맞추면 되지.
neutral,아마 큰 문제는 없을거야.
neutral,액자가 열 개쯤 필요해.
neutral,이 가게는 드립 커피가 맛있대.
neutral,내일은 홍대에 냉면 먹으러 갈까?
neutral,재활용 쓰레기는 해지고 배출하래.
neutral,이번엔 스포티지로 신청했어.
neutral,내일까지 신청서 제출해주세요.
neutral,말씀드렸던 내용하고 동일합니다.
neutral,이 근처에는 꽃집이 많네.
neutral,아빠한테 모카 포트나 하나 사드릴까?
neutral,만년필은 몽블랑으로 살까 생각 중.
neutral,헬멧 현관문 근처에 있더라.
happy,유추프라카치아에서 좋은 향기가 나네
happy,유니버설스튜디오가 제일 재밌었지?
happy,부에노스아이레스로 신혼여행 어때?
happy,금메달리스트들에게 큰 박수 주세요
happy,오스트레일리아에서 인생샷 찍어 왔어
happy,앞으로 로맨틱코미디같은 연애하자
happy,달달한 캬라멜마끼아또가 당기지 않아?
happy,도스토예프스키는 단편이 참 좋아요
happy,우리 민지 스타일리스트님이 최고죠?
happy,이 집 알리오올리오가 예술인데 가보자
happy,이 집 빙수 강력추천이니까 꼭 먹어봐
happy,"우리 딸 요리, 어쩜 먹음직스럽기도 하지"
happy,저랑 두근두근거리는 경험 해보실래요?
happy,이 쫄면 매콤달콤하니 최고인데 잡숴봐
happy,선남선녀라는 말이 어쩜 저리 어울릴까?
happy,앞으로도 신혼부부처럼 예쁘게 살자
happy,탱글탱글한 방울토마토들 맛 좀 보세요
happy,휘황찬란하게 수 놓은 별들이 참 예뻐요
happy,이번 크리스마스는 얼마나 로맨틱할까?
happy,가장 행복한 결혼기념일을 보내봐요
happy,이 깨물어주고 싶은 포메라니안을 봐봐
happy,꼬들꼬들하니 완전 일품인데 먹어봐
happy,이 집은 국물이 진짜 끝내주는구만
happy,이 선물 나한테 완전 안성맞춤이네?
happy,어린이날에 아이스링크 꼭 같이 가요
happy,자랑스러운 친구들에게 힘찬 함성!
happy,우리팀 위생시설이 여기에서 최고예요
happy,같이 디즈니랜드 가서 신나게 놀아요
happy,너도 스트레스 확 풀리게 맘껏 흔들어
happy,우리 아들이 너무 착해서 뿌듯하단다
happy,이 노래 되게 신나는데 제목이 뭐야?
happy,이 멋진 순간을 영원히 맘 속에 간직하자
happy,오늘 같이 좋은날 너도 노래 한번 해봐
happy,어제 날씨는 정말 꿈결처럼 황홀했어요
happy,너도 흥겨워서 몸이 주체가 안되는구나?
happy,우리 언제까지나 이렇게 사랑하자
happy,지금 이 순간이 영원했으면 좋겠어
happy,나 지금 엄청 들떠가지고 볼 빨갛지?
happy,경사스러운 날이니까 한 번 취해보자
happy,이 영화 내가 진짜 좋아하는데 너도 봐봐
happy,넌 정말 나에게 사랑스러운 존재야
happy,이거 스트레스가 확 풀리는 느낌인데?
happy,오늘 같은 날은 흥청망청 놀아보자
happy,이거 진짜 환상적인 맛인데 먹어봐
happy,이렇게 기쁜 날에는 샴페인을 따야지!
happy,그 동안 묵은 체증이 내려가는 기분인데?
happy,축제인데 한 번 원 없이 즐겨 봐야지?
happy,큰 일 해냈으니 오늘 밤엔 축배라도 들지
happy,이거 진짜 살살 녹는 맛이니까 꼭 먹어봐
happy,그 날의 벅찬 감동이 너도 기억나니?
happy,이 아름다운 추억을 사진으로 남기자
happy,저 눈이 시리도록 파란 하늘 좀 봐봐
happy,너를 만날 생각에 벌써부터 설렌다
happy,저 귀여운 강아지랑 같이 사진 찍자
happy,보너스 탔으니까 먹고싶은 거 다 말해
happy,우리 강아지랑 하와이에 가면 참 좋겠지?
happy,오늘 너무 재밌었고 다음에 꼭 연락해
happy,고양이가 어쩜 이렇게 예쁠 수가 있지?
happy,오랜만에 봐서 너무 좋았고 곧 또 보자
happy,아까 대박 웃기는 거 봤는데 들어 봐
happy,요즘 들어서 기분이 날아갈 것 같아
happy,나는 그 사람이 왜 이렇게 좋은 걸까?
happy,다음에 또 만나서 배꼽 빠지게 웃어 보자
happy,최고의 고기를 먹여 줄테니 나만 따라와
happy,엄마랑 아빠랑 있는 매 순간이 행복해
happy,완전 피로가 확 풀리는 느낌이 드네?
happy,이번 달 월급 탔는데 봐뒀던 신발 살까?
happy,그래 그렇게 리듬에 맞춰 몸을 흔들어 봐
happy,널 보면 나도 모르게 흐뭇한 미소를 지어
happy,왜 너와 함께면 웃음이 멈추지 않을까?
happy,나 진짜 좋은 꿈 꿨는데 로또 사보자
happy,방금 플레이 죽였어 계속 그렇게 가자
happy,오늘 우리 학교 급식 메뉴 완전 최고다
happy,내가 경품을 받다니 이게 꿈이야 생시야?
happy,여기 너무 좋은데 다음에 꼭 다시 오자
happy,내게 행복을 주는 사람은 너 뿐이야
happy,나한테 이런 횡제가 오다니 믿어져?
happy,방금 거 진짜 재밌다 한 번만 또 타자
happy,옳지 잘 먹네 우리 현규 많이 먹어라
happy,오랫동안 짝사랑해왔던 니가 지금 내 곁에 있다는 게 꼭 꿈만 같아.
happy,"경치 좋고, 음식도 맛있고, 이번 여행은 대만족이야."
happy,보잘것없는 선물이지만 니가 좋아해 주니까 정말 기뻐.
happy,난 이렇게 널 바라보고 있는 것만으로도 행복해.
happy,드디어 내일이 한 달 동안 기다리던 월급날이라서 그런지 기분 최고야.
happy,항상 내 옆에 있어 줘서 고마워.
happy,"요즘, 일이 잘 풀려서 살맛 난다."
happy,그 영화 이번 에피소드 진짜 재밌더라.
happy,해외여행은 처음이라 엄청나게 들떠있어.
happy,곧 널 만날 수 있다고 생각하니 너무 설렌다.
happy,"친구야, 축하해줘, 나 드디어 여자친구 생겼어!"
happy,먹자마자 입안에서 살살 녹는데.
happy,지금까지 본 뮤지컬 중에서 이번 무대가 제일 멋졌어.
happy,우리 집 강아지는 하는 짓이 다 귀엽고 사랑스러워.
happy,산 정상이라 그런지 공기 진짜 상쾌하다.
happy,드디어 직구 성공해서 콧노래가 절로 나와.
happy,이 선물이 제일 마음에 들어.
happy,소개팅 생각만 하면 자꾸만 웃음이 나.
happy,너 진짜 좋은 놈이구나?
happy,여기 레스토랑 분위기도 좋고 음식도 근사한데?
happy,"가격 대비, 성능이 꽤 괜찮은걸?"
happy,오늘 발표회 무대에서 우리 수진이가 제일 잘하던걸?
happy,네가 내 친구여서 정말 든든하다.
happy,역시 이 집 평양냉면이 전국에서 최고야.
happy,답답했던 속이 뻥 뚫리는 것 같아.
happy,통신사 할인에 오케이 캐쉬백까지 완전 돈 굳었지요.
happy,우리 자기는 누구를 닮아서 이렇게 예뻐?
happy,우리 예쁜 딸이 뽀뽀해줘서 아빠는 기분이 날아갈 것 같아.
happy,내일이 결혼식이라서 그런지 너무 설레서 잠이 안 와.
happy,"이거 내가 제일 좋아하는 영화야, 재밌겠지?"
happy,말로 표현할 수가 없을 정도로 흐뭇하다.
happy,울컥할 정도로 마음이 따뜻해지는 장면이야.
happy,"햇살도 좋고, 바람도 선선하고, 오늘 날씨 정말 좋죠?"
happy,"내가 결국 해냈다니, 나 자신이 대견스러워."
happy,흥겨워서 노래가 절로 나는구먼!
happy,"신나서 춤이 절로 나네, 경사 났네, 경사 났어."
happy,"뭘 이런 걸 다 준비하시고, 매번 정말 고맙습니다."
happy,"너 같은 좋은 사람이 내 친구라니, 난 정말 행운아야."
happy,"사장님, 오늘부로 저 아빠 됐습니다!"
happy,너와 함께 있는 이 순간이 영원했으면 좋겠다.
happy,하늘이 청명하니 기분도 상쾌하다.
happy,오래간만에 이런 기쁜 소식을 들으니 좋네요.
happy,"영화에서나 볼 법한 풍경을 실제로 보다니, 황홀하다."
happy,우리 자식들 덕을 톡톡히 보네.
happy,그렇게 칭찬해주시니 몸 둘 바를 모르겠네요.
happy,선생님의 지도로 해낼 수 있었어요!
happy,다른 건 몰라도 이 집 겉절이는 진짜 끝내준다니까.
happy,쥐구멍에도 볕들 날이 있다더니 드디어 내 인생에도 영광이 비치는구나.
happy,바로 오늘 같은 날을 위해서 살아온 거 아니겠어!
happy,이러니 어떻게 너를 사랑하지 않고 배기겠니?
happy,"첫 아이가 태어난 오늘, 이 기쁨은 평생 잊지 못할 거야."
happy,풍경이 너무 아름다워서 가슴이 뭉클할 정도야.
happy,"내가 도전에 성공했다니, 가슴이 벅차올라서 울고 싶다."
happy,이따 친구들이랑 놀러 갈 생각하니까 흥분된다.
happy,"맛있는 것도 먹고 재밌게 놀아야지, 기대된다."
happy,마치 구름 위를 걷는 것 같은 기분이야.
happy,학자금 대출을 다 갚고 나니까 마음이 홀가분해졌어.
happy,소프라노의 목소리가 어릴 때 먹었던 솜사탕처럼 감미롭다.
happy,남자친구가 몰래 준비한 깜짝 생일파티에 감동했어.
happy,그 사람의 호탕한 웃음소리를 듣고 있으면 나까지 유쾌해져.
happy,엄청나게 배고팠는데 이제야 살 것 같아.
happy,갑자기 쏟아지던 비가 그치고 나니 날씨가 더 화창해졌어.
happy,주말에 푹 쉬어서 그런지 월요일 아침을 활기차게 시작할 수 있을 것 같아.
happy,"드디어 성과가 나오기 시작했어, 기다린 보람이 있어서 다행이야."
happy,미숙아였던 아들 녀석이 씩씩하고 건강하게 자라줘서 대견해요.
happy,다행히 배 속에 아이가 건강하게 잘 크고 있대요.
happy,오랫동안 연락이 끊겼던 친구의 소식을 알게 됐어요.
happy,"메리 크리스마스, 즐거운 성탄절 보내세요."
happy,우리의 만남을 축복하듯 하늘에서 벚꽃이 흩날리네요.
happy,운 좋게 비행기 좌석을 업그레이드 받았어요!
happy,"드디어 시험이 끝났어, 오늘은 신나게 즐길 거야."
happy,제가 유럽여행에 당첨됐다고요?
happy,그 사람이 나의 고백을 받아줘서 세상을 다 가진 것만 같아요.
happy,저에게 이런 행운이 올지는 몰랐어요!
happy,"이번에 제대로 횡재했어, 가격도 가격이지만 1+1이지 뭐야."
happy,"엄마, 나 어떡해, 면접 합격했어!"
happy,"몰래 숨겨둔 비상금도 모른 척해주고, 우리 마누라 최고!"
happy,네가 내 곁에 있다는게 꼭 꿈만 같아.
happy,여기가 천국이구나.
happy,네가 좋아해주니까 정말 기뻐.
happy,바라보고 있는 것 만으로도 행복하다.
happy,이렇게 누워있으니까 좋다.
happy,오늘 월급날이라 기분 진짜 좋아.
happy,"기분이다, 내가 오늘 다 쏜다."
happy,너를 너무너무 사랑해.
happy,이런 좋은 선물 주셔서 정말정말 감사합니다.
happy,오늘 날씨 죽인다.
happy,일이 잘 풀려서 살맛 나.
happy,신난다.
happy,해외여행 처음이라 엄청 들떠있어.
happy,"엄마, 나 일등상 탔어!"
happy,"야, 나 드디어 여자친구 생겼어!"
happy,우리 수진이가 이번에 수석을 했다지 뭐야.
happy,용돈 받은 걸로 게임 사야지! 신난다.
happy,와 이 조각 완전 근사한데?
happy,너는 어쩜 그리 예뻐?
happy,대박 맛있어.
happy,지금까지 본 것 중에 제일 좋다.
happy,역시 우리 민 지가 최고야.
happy,와 이거 나한테 주는 선물이야?
happy,뽀삐는 하는 짓이 다 사랑스러워.
happy,공기 진짜 상쾌하다.
happy,이거 마음에 꼭 들어.
happy,자꾸만 좋아서 웃음이 나.
happy,"우리 엄마, 오늘 정말 근사하네?"
happy,역시 너 밖에 없어.
happy,나랑 함께 해줘서 고마워.
happy,음 냄새 너무 좋다.
happy,잘한다 우리 찬호!
happy,이 옷 맘에 쏙 든다.
happy,센스 최고다.
happy,이야 이거 생각보다 꽤 괜찮은걸?
happy,우리 초코 깨물어주고 싶다.
happy,와 진짜 싸다!
happy,완전 횡재네!
happy,우리 수진이가 제일 잘하던걸?
happy,너는 내 복덩이야.
happy,아이고 우리 예쁜 손주 안아보자.
happy,역시 이 집 냉면이 최고야.
happy,와 속이 뻥 뚫리는 것 같다.
happy,이게 꿈이야 생시야.
happy,비현실적일 정도로 좋아.
happy,이거 진짜 웃기다.
happy,저 방금 신기록 세워서 되게 신나요.
happy,어쩜 저리 착하고 예쁠까.
happy,누구 닮아서 이렇게 예뻐?
happy,예린이가 뽀뽀해줘서 아빠는 기분이 날아갈 것 같아.
happy,아싸 일찍 집에 간다.
happy,아싸 오늘 야근 없고.
happy,너무 설레서 잠이 안 와.
happy,소원이 이루어져서 행복해.
happy,말로 표현할 수가 없을 정도로 기뻐.
happy,너무 마음이 따뜻해지는 장면이야.
happy,나를 위해 이런 걸 다 준비하다니 정말 감동이야.
happy,오늘 아침 정말 평화롭다.
happy,여러분 오늘 날씨가 정말 좋죠?
happy,나 지금 날아갈 것 같아.
happy,이게 대체 얼마만이야!
happy,"너무 반갑다, 얘."
happy,너희 둘이 참 보기 좋다 야.
happy,너 때문에 괜스레 웃게 돼.
happy,정말 꿀맛같은 휴식이구만!
happy,흥겨워서 노래가 절로 나는구만.
happy,신나서 춤이 절로 나네.
happy,"아이참, 비행기 그만 태워."
happy,"경사났네, 경사났어."
happy,참으로 기쁜 소식입니다.
happy,"아유~ 뭘 이런 걸 다, 매번 정말 고맙습니다."
happy,우리 아빠 최고!
happy,이런데 너를 어떻게 사랑하지 않을 수가 있겠니?
happy,내가 네 애교에 녹는다 녹아.
happy,"이야, 이거이거 명작이네."
happy,뜨듯하게 지지니 훨씬 낫네.
happy,와 저거 진짜 재밌겠는데?
happy,지금 이 순간 저는 가장 행복한 사람입니다.
happy,"극락이 따로 있나, 여기가 극락이지."
happy,아 따뜻하다.
happy,요즘 진짜 살맛 난다.
happy,손님이 많으니까 장사가 재밌어.
happy,아늑하고 참 좋다.
happy,폭신폭신하니 아주 맘에 드네.
happy,우리 둘다 오늘 활기가 넘친다 그치.
happy,사는게 오늘만 같으면 더 바랄 나위가 없겠어.
happy,너같은 사람이 내 친구라니 정말 행운이야.
happy,우리 예쁜이 뽀뽀.
happy,신록을 바라보면 기분이 싱그러워져.
happy,산다는게 이렇게 좋을 줄이야.
happy,아 너무 웃겨서 배아파.
happy,와 쉬는 시간이다.
happy,"오늘 근사한 레스토랑 간다, 부럽지."
happy,크 분위기에 취한다.
happy,저도 모르게 웃음이 실실 새어나와요.
happy,부장님 저 오늘부로 아빠 됐습니다!
happy,여러분 축하해주세요! 우리 승희 사법고시 패스했습니다!
happy,엄마는 네가 엄청 자랑스럽다.
happy,와 내가 다 뿌듯하다 야.
happy,우리 집안에 이런 경사가!
happy,"와, 어떡해 나 면접 합격했어!"
happy,"승진 기념이다, 내가 쏜다!"
happy,정말정말 진심으로 축하드려요.
happy,"와, 지민이도 내가 좋대!"
happy,이 순간이 영원했으면 좋겠다.
happy,아주 그냥 뽀뽀를 쪽 해주고 싶네.
happy,크 날씨 죽인다.
happy,하늘이 청명하니 기분도 상쾌하구만.
happy,"어유 우리 뽀삐 역시 똑똑해, 잘했어!"
happy,"옳지 잘한다, 옳지 옳지!"
happy,이야 우리 손주 천재 아니야?
happy,우리 아들 오늘 인물이 훤 하네.
happy,간만에 이런 기쁜 소식이 들리니 좋습니다.
happy,아직 세상은 살만한가봐요.
happy,진심으로 영광입니다.
happy,나 복권 오만원짜리 당첨됐어!
happy,오늘 운수대통이네.
happy,오늘 신호 쫙쫙 받네.
happy,크 솜씨가 기가 막히다 기가 막혀.
happy,너 요리 솜씨 진짜 최고다.
happy,지금 탄력 제대로 받았는데?
happy,와 드디어 자리 났다.
happy,영화에서나 볼 법한 풍경을 실제로 보다니!
happy,덕분에 제대로 호강하네.
happy,분수에도 안 맞는 호사를 누린다 내가.
happy,우리 효자 딸래미 덕택을 톡톡히 보네.
happy,이야 천잰데?
happy,아유 과찬이십니다.
happy,그렇게 칭찬해주시니 몸둘 바를 모르겠네요.
happy,예쁘게 봐주시니 저야 감사하죠.
happy,선생님의 성과를 보니 참 흐뭇합니다.
happy,"자네 인재구만 그래, 인재야!"
happy,다 나았다니 진짜 다행이야.
happy,여기다가 김치를 딱 얹어 먹으면 아주 그만이야.
happy,육수랑 같이 먹으면 끝장나.
happy,"이거 완전 추천이야, 꼭 봐 꼭."
happy,쥐구멍에도 볕들 날이 있다더니 드디어 내 인생에도 해가 비추는구나.
happy,바로 오늘같은 날을 위해서 살아온거 아니겠어!
happy,지은이 수학 실력이 날로 일취월장하네!
happy,정말이지 칭찬을 안 해줄수가 없어.
happy,이러니 어떻게 너를 사랑하지 않고 베기겠어.
happy,오늘 이 기쁨은 평생 잊혀지지 않을거야.
happy,날이 화창하니 기분도 피네.
happy,풍경이 너무 아름다워서 가슴이 뭉클할 정도야.
happy,오늘같은 날은 살아있다는게 참 좋아.
happy,휴강이라니! 기분 째진다.
happy,맛있는 것도 먹고 재밌게 놀아야지! 기대된다.
happy,아싸 오늘 숙제 없다.
happy,우리 딸만 무대에서 반짝반짝 빛나던데.
happy,마치 구름 위를 걷는 것 같은 기분이야.
happy,깜짝 놀랄만큼 맛있는데?
happy,누굴 닮아 이리 예쁘누.
happy,오늘은 왠지 기분좋은 예감이 들어.
happy,이야 십 년 묵은 체증이 내려가는 것 같네.
happy,와 이거 내가 진짜 좋아하는 음악인데.
happy,속이 후련하다 아주.
sad,진상규명위원회에게 너무 큰 기댈했어
sad,후회스러우시겠지만 아이 포기하세요
sad,에이디에이치디라는 게 완치는 어려워?
sad,실망스럽겠지마는 나를 이해해다오
sad,무리하다 그만 몸져누우셨더라
sad,서울대학교병원도 손을 못쓸 정도야?
sad,이제는 돌아가시더라도 받아들이자
sad,좌절스럽겠지만 그런 몹쓸 생각은 마
sad,물난리가 나서 다 떠내려가버렸어요
sad,장례식장에서는 너무 크게 울지 말자
sad,혼자 잠시 울고싶으니까 먼저 가줘
sad,남 뒤치닥거리만 하는 엄마가 부끄럽니?
sad,우울한데 마가리타라도 한 잔 할래?
sad,받아들이기가 힘들겠지만 꼭 버티세요
sad,목숨과 바꾸어서라도 널 되살리고 싶어
sad,참 서운하겠다만 나도 달리 방법이 없네
sad,내가 다시 용서받는 건 불가능하겠지?
sad,가슴이 무너지더라도 부디 버텨내 줘
sad,세월은 흘러 어머니의 등도 구부러졌다
sad,고통으로부터 자유로워지는 날이 올까?
sad,그를 위해서 우리 모두 묵념합시다
sad,눈시울이 점점 붉어져오는 게 느껴져
sad,흐르는 나의 눈물은 누가 닦아주려나
sad,호국영령의 숭고한 뜻을 기억합시다
sad,너무 걱정스럽게 쳐다보지는 말아
sad,네가 이렇게 실망스럽게 할 줄은 몰랐어
sad,사고로 자식 잃은 제 심정은 오죽 할까요?
sad,서로가 행복하기를 바라는 건 그만두자
sad,떠나가버린 사랑에 너무 마음 쓰지 마
sad,그가 떠올라 눈가가 촉촉히 젖어들었다
sad,왜 내겐 이런 해괴망측한 일만 일어날까?
sad,할아버지의 마지막 순간이라도 지키자
sad,열심히 준비했는데 망쳐서 너무 슬퍼
sad,결코 나를 사랑했었던 적이 없었던거니?
sad,배가 고프겠지만 참아다오 아가야
sad,그가 심드렁하게 반응해서 실망했어
sad,새까맣게 타들어가는 부모마음을 알아?
sad,그의 애석한 죽음과 희생을 기억하자
sad,이러면 스스로를 더욱 다치게 할 뿐이야
sad,비참하게 만들지 말고 이제는 떠나줘
sad,마음이 아파서 아무것도 못하겠어
sad,나를 이해하는 사람이 있기는 한 것일까?
sad,나 외로운데 잠시라도 함께 있어줄래?
sad,기분이 영 아니니 나를 혼자 내버려둬
sad,옛날부터 지금까지 하나도 변한 게 없어
sad,속절없이 가는 시간을 어찌 막으리오
sad,다시는 눈물로 밤을 지새우지 말자
sad,이 못난 자식은 잊고 살아가 주십시오
sad,그 분의 이름은 이제 가슴에 묻어두자
sad,그의 고독을 어찌 다 헤아릴 수 있으랴
sad,다음 생에는 더 좋은 모습으로 만나자
sad,엄마 속상하게 하지말고 밥 좀 챙겨먹어
sad,그런 우울한 눈으로 나를 보지는 말아
sad,이렇게 비참한 너의 모습은 처음 봐
sad,그 땐 뭐가 그리 좋아서 그랬을까 우리?
sad,한 번만 내게 다시 돌아와 줄 수는 없니?
sad,너 없이는 살 수 없으니 제발 가지 마
sad,그 없이는 내 삶이 텅 빈 것처럼 느껴져
sad,이제 우리가 그 분을 가슴에 묻을 때야
sad,수민이 이제 그만 좋은 곳으로 보내줘
sad,내게 밝은 미소를 보여준 때도 있었지
sad,저 구슬픈 울음엔 무슨 사연이 있을까?
sad,널 보는 내 마음이 더 아프니 이제 그만해
sad,믿었던 너마저 나에게 이럴 줄이야
sad,펴지도 못하고 접은 내 맘을 아실까?
sad,얼른 눈 떠서 한 번만 내 이름 다시 불러줘
sad,"보고픈 친구여, 천국에 가서 다시 만나세"
sad,아빠 제발 우리들 곁에 다시 돌아와
sad,부모님 생전에 못다한 효가 한이 돼
sad,이 애통한 마음을 금할 길이 있으랴?
sad,이제 영영 가버린 사람 자꾸 찾지 말자
sad,예쁜 딸아 제발 엄마 아빠 품으로 돌아와
sad,너한테 그 말을 들으니까 정말 마음이 아프다.
sad,"내가 오랫동안 좋아했던 배우였는데, 그런 사고를 당했다니 속상해."
sad,"입영 통지서를 받았거든, 너무 우울해."
sad,어머니가 장례식에 다녀온 후로 계속 기운이 없으셔서 걱정된다.
sad,"선생님, 애석한 마음을 금할 길이 없습니다."
sad,"너까지 그렇게 말할 줄이야, 서럽다 정말."
sad,위로가 필요한데 곁에 아무도 없으니 울적해.
sad,널 다시 못 본다고 생각하니 눈물만 나.
sad,고시원에서도 쫓겨나고 내 처지가 서글퍼서 울고 싶어.
sad,투병 중이시라는 그분 소식을 들으니 마음이 안 좋네요.
sad,"부자는 망해도 3대는 간다던데, 그 집 사정이 정말 딱하게 됐어."
sad,"프로젝트가 무산됐다니, 정말 최선을 다했는데 안타깝다."
sad,"곧 계약 종료인데, 열심히 애쓰는 모습이 안쓰러워 죽겠어."
sad,주인이 교통사고라며? 그 집 고양이 불쌍해서 어떡해.
sad,"또 불합격이래, 너무 괴로워서 숨이 잘 안 쉬어져."
sad,그녀가 다른 남자와 결혼을 하다니 하늘이 무너지는 거 같아.
sad,날씨 탓인가? 이상하게 기분이 축축 처져요.
sad,"이제 화도 안나, 다만 이렇게밖에 못하는 나 자신에게 실망스러울 뿐이야."
sad,회색빛으로 가득한 내 마음처럼 세상도 우중충해 보인다.
sad,곧 명절인데 부모님을 뵐 면목도 없고 마음만 무거워진다.
sad,기일이 다가오니 할머님 생각이 더 나는구나.
sad,"오늘 같은 날, 혼자 있으려니 정말 쓸쓸하다."
sad,차라리 내가 대신 아팠으면 좋겠다.
sad,유리창 밖의 저 사람들은 뭐가 저렇게 행복할까?
sad,가장의 무게에 짓눌린 아버지의 뒷모습이 애처로워 보여.
sad,"민석이는 이번에도 서류심사에서 떨어졌대, 저 축 처진 양어깨를 봐."
sad,"친구야, 그러고 싶지 않은데 자꾸 내 처지를 비관하게 돼."
sad,"팀원들 모두 기대했을 텐데, 결과가 좋지 않아 마음이 무겁네요."
sad,"지금 와서 생각해 보니, 더 열심히 해야 했던 건데 후회스러워."
sad,낙담하지 말라는 말을 들어도 어쩔 수가 없는걸.
sad,돌아가신 아버지가 이 모습을 보셨으면 얼마나 좋아하셨을까.
sad,"힘들게 준비한 공모전인데, 발표를 연기한다니 정말 맥빠진다."
sad,"널 기다리는 것도 지쳤어, 이제 그만 돌아왔으면 좋겠어."
sad,친구들 앞에서 괜찮은 척하는 것도 이젠 힘들다.
sad,너를 떠올리면 마음 한구석이 쓰라리고 아프다.
sad,어쩔 수 없이 끊지 못하는 인간관계 때문에 진이 다 빠진다.
sad,혼자서 외로운 건 참을 수 있지만 둘인데도 외로운 건 두 사람 모두에게 불행이야.
sad,"그동안 미안했다, 이제 그만 너를 놓아줄게."
sad,10년 넘게 동고동락했던 고양이가 집을 나가버렸어.
sad,어릴 때부터 같이 자란 우리 집 강아지가 아주 아파.
sad,어제 병문안을 갔었는데 이제 마음의 준비를 해야 한대.
sad,고인이 좋은 곳에 가시기를 기도하겠습니다.
sad,"아빠, 마음 잘 추스르시고 어서 빨리 돌아오세요."
sad,"눈물이 멈추지 않아, 눈물 때문에 온 세상이 뿌옇게 보여."
sad,언제부터인가 우울증이 나를 집어삼키는 것 같아.
sad,"아직도 부모님께 용돈을 받는다고 하면, 사람들이 날 얼마나 한심하게 볼까?"
sad,"네가 아픈 게 나 때문인 것만 같아서 미안해, 다 내 탓이야."
sad,"친구야, 네 풀죽은 모습 너무 안쓰러워 못 보겠다."
sad,"우연히 첫사랑이었던 그녀를 길에서 봤어, 가슴이 산산이 조각나는 것 같아."
sad,"그렇게 널 보내는 게 아니었는데, 너를 생각하면 내 마음이 미어지는구나."
sad,변호인으로서 참담한 심정을 이루 말로 다 표현할 수가 없습니다.
sad,"화재로 가족을 잃은 피해자들을 생각하면, 참으로 비통한 마음뿐입니다."
sad,"갑자기, 준비도 없이 그 사람을 그렇게 보내고 나니 상실감이 더 커."
sad,담임선생님께서 아주 편찮으시다고 들었습니다.
sad,요즘 집안에 우환이 끊이지를 않아요.
sad,아버지의 작은 어깨를 본 순간 머리가 멍해졌어.
sad,한창나이에 회사를 떠나는 선배를 보면서 우리 아버지의 모습 같아 안쓰러웠어.
sad,사랑하지만 보내줘야 하는 그녀 앞에서 눈물이 나려는 걸 몇 번이고 참았어.
sad,생활고로 범죄자가 될 수밖에 없었던 피의자를 보니 측은해지더라.
sad,실험대상이 되어 연구소에 갇혀 있는 동물들이 너무 불쌍해.
sad,굶주림에 시달리는 아프리카 어린이들의 모습이 정말 처참했어.
sad,"그 사고 이후, 지금까지도 가족들 모두 슬픔에 잠겨있어."
sad,자식을 잃고 비탄에 젖은 친구에게 어떤 위로를 해줘야 할까?
sad,혼자서 두 아이를 키우는 친구의 모습이 어찌나 힘겨워 보이던지.
sad,널 보내고 혼자 살 생각을 하니 정말 암담하다.
sad,동생 결혼식에서 나를 없는 사람 취급하던 부모님께 서운했어.
sad,그동안 내가 쌓아 올린 커리어보다 결혼 여부가 인생의 성공 잣대라니 정말 허탈하다.
sad,날 믿고 야근도 마다하지 않던 팀원들에게 면목이 없다.
sad,"좌절하고 싶지 않지만, 다시 일어설 기운이 없어."
sad,유기견 센터에서 본 강아지들의 모습이 너무 애처로웠어.
sad,우리는 그분의 헌신에 감사하며 그분의 넋을 위로하고자 합니다.
sad,역사를 잊은 민족에게 미래는 없다는 말처럼 지금의 이 슬픔을 기억합시다.
sad,눈시울이 붉어진 동생은 내 어깨에 기대어 흐느껴 울었다.
sad,숨죽여 울고 있던 그 남자의 어깨가 들썩이는 걸 봤어.
sad,어머니는 할머니의 영정 앞에서 대성통곡을 하셨어.
sad,떠난 그녀가 좋아했던 그 음악을 들을 때면 체한 것처럼 명치끝이 아려와.
sad,"점점 나이 먹으면서 눈물샘이 마른 줄 알았는데, 아니었나 봐."
sad,그 가수의 노래를 듣고 있으면 내 마음을 절절하게 파고들어.
sad,나 정말 슬퍼.
sad,오늘 너무 우울해.
sad,하나도 기운이 없어.
sad,생각만해도 정말 괴로워.
sad,애석한 마음을 금할 길이 없습니다.
sad,너까지 그렇게 말할 줄이야... 서럽다 정말.
sad,곁에 아무도 없으니 울적해.
sad,널 다시 못 본다고 생각하니 눈물만 나.
sad,내 꼴이 이게 뭐람.
sad,내 신세가 너무 처량하다.
sad,내 처지를 보니 서글퍼져.
sad,진희 일은 정말 가엾게 됐어.
sad,내가 너한테 해준게 얼만데 정말 섭섭하다.
sad,그 분 소식을 들으니 마음이 안 좋네요.
sad,그 집 사정이 정말 딱하게 됐어.
sad,정말 열심히 했는데 안타깝다.
sad,열심히 애쓰는 모습이 안쓰러워 죽겠어.
sad,아이구 그 집 고양이 불쌍해서 어떡해.
sad,긴장돼서 배가 아파.
sad,의도한 건 아닌데 미안하구나.
sad,이 애미가 더 잘해주지 못해 미안하구나.
sad,하늘이 무너지는 거 같아.
sad,오늘은 이상하게 축축 쳐지네.
sad,오늘따라 기운이 없어.
sad,네가 지금 곁에 있으면 좋으련만 너무 아쉽다.
sad,널 보고 있으면 눈물이 나.
sad,엄마 나 또 떨어졌어.
sad,난 아무래도 안되나봐.
sad,나는 그 사람 성에 안차나봐.
sad,우리 행복했었는데.
sad,기일이 다가오니 할머님 생각이 더 나는구나.
sad,어제만 해도 네가 내 곁에 있었는데.
sad,이 다음은 없겠지.
sad,난 이제 지쳤어.
sad,너무 피곤해 쉬고싶어.
sad,차라리 내가 대신 아팠으면 좋겠다.
sad,서류 1차 또 떨어졌대.
sad,네가 그리워.
sad,정말 내가 싫다.
sad,이제 눈물도 다 말라버렸어.
sad,그런 말은 하지 말았어야 했는데.
sad,양심의 가책을 느낀다.
sad,그 얘기를 들으니까 가슴이 찢어지는 거 같아.
sad,축 쳐진 내 어깨를 봐.
sad,안 그러고 싶은데 자꾸 내 처지를 비관하게 돼.
sad,결과가 좋지 않아 마음이 무겁다.
sad,더 열심히 해야 했던 건데 후회스럽다.
sad,오늘 기분이 저기압이야.
sad,"내 꼴을 봐, 너무 비참해."
sad,거울을 볼 때마다 고통스러워.
sad,낙담하지 말라는 말을 들어도 어쩔수가 없는 걸.
sad,엄마 말 좀 잘 들을 걸.
sad,사는게 사는게 아니야.
sad,죽고싶다.
sad,이렇게 살아서 뭐해.
sad,비가 오니까 괜히 가라앉는다.
sad,오늘 장사 정말 안 되네 지친다 지쳐.
sad,이런 소식을 전하게 되어 정말 유감입니다.
sad,최선을 다했지만 살릴 수 없었습니다.
sad,정말 죄송합니다.
sad,생전에 할머니가 이 노래를 정말 좋아하셨는데. . .
sad,아버지가 이 모습을 보셨으면 얼마나 좋아하셨을까.
sad,가슴이 무너져 내리는 것만 같아.
sad,언제쯤 고향 땅을 밟아볼수 있을까.
sad,이제는 기억조차 가물가물해.
sad,어머니 생전에 호강 한 번 못 시켜드리고.
sad,사는 게 정말 팍팍하다.
sad,이렇게 살아도 좋은 걸까.
sad,요즘은 무엇 때문에 사는 건지 모르겠어.
sad,마음이 공허하다.
sad,무엇 때문에 이렇게 노력했던 걸까.
sad,요즘 회사에서 정말 소외감 느껴.
sad,일이 잘 안 될까봐 너무 두렵다.
sad,정말 모두 다 원망스러워.
sad,내 자신이 너무 미워.
sad,제발 가지마.
sad,나를 믿어주는 사람도 이젠 없나봐.
sad,손 하나 까딱할 마음도 없어.
sad,나 이제 자신이 없어.
sad,너도 나만큼 나를 생각할까?
sad,이제 그만 돌아왔으면 좋겠어.
sad,괜찮은 척 하는 것도 이제 지친다.
sad,꽃을 봐도 예쁜지를 모르겠다.
sad,세상이 온통 회색빛이야.
sad,위로가 필요해.
sad,시간을 돌릴 수만 있다면.
sad,차라리 눈물이라도 흘릴 수 있으면 좋겠어.
sad,죽는게 고통스럽지않으면 당장이라도 죽고싶다?.
sad,내가 힘든 걸 누구 하나라도 알아주면 좋겠다.
sad,너와 어느새 남남이 되어버린 것 같아.
sad,지금 절벽 끝에 몰린 심정이야.
sad,이제 약도 안들어.
sad,너무 스트레스 받는다.
sad,진수야 엄마가 미안해.
sad,흐르는 세월 그 누가 막을 수 있을까.
sad,세월도 무심하지.
sad,하늘도 무심하시지.
sad,어떻게 애들만 두고 그렇게 가버렸나.
sad,이제 그만 너를 놓아줄게.
sad,고양이가 집을 나가버렸어.
sad,이제 마음의 준비를 해야한대.
sad,왜 이렇게 자꾸 안 좋은 일만 생기는 걸까?
sad,왜 나한테만 이런 일이 생길까?
sad,이제 다 싫다.
sad,내가 머리가 나쁜가봐.
sad,나만 빼고 다 잘해.
sad,왜 우리 집은 이렇게 가난할까.
sad,잘 사는 친구들이 부러워.
sad,나도 유학가고 싶은데 돈이 없어.
sad,아버지가 요번에 실직하셨어.
sad,상심이 크시겠습니다.
sad,좋은 곳에 가시기를 기도하겠습니다.
sad,고인의 명복을 빕니다.
sad,마음 잘 추스르시고 어서 빨리 돌아오세요.
sad,힘드시겠지만 부디 기운 내십시오.
sad,어제도 소리 죽여 울었다.
sad,이제 이 길은 접어야 될 거 같아.
sad,난 이제 하고 싶은 것도 없어.
sad,사람을 대하기가 너무 힘들다.
sad,이제 상처받기 싫어.
sad,눈물이 앞을 가린다.
sad,날 그만 잊고 잘 살아.
sad,죽지 못해 살지 뭐.
sad,요즘은 몸이 영 성치가 않아.
sad,저도 늙었나 봅니다 이제.
sad,몸이 예전같지가 않아요.
sad,어머니가 치매 확진을 받으셨다는구나.
sad,좋은 곳으로 갔을거야.
sad,난 항상 고독해.
sad,난 오롯이 혼자야.
sad,죽으면 이 고통도 끝나겠지.
sad,엄마가 날 뭐라고 생각하실까?
sad,잘 못 먹은지도 일주일째야.
sad,돈이 너무 없어서 요즘 힘들어.
sad,떠난 사람 그리워 해봤자 뭐해.
sad,엄마가 살아계셨더라면.
sad,너한테 더 잘해줄 걸.
sad,눈물 때문에 온 세상이 뿌옇게 보여.
sad,우울증이 나를 집어 삼키는 것 같아.
sad,내가 죽은 후에도 나를 기억해줘.
sad,네가 아픈게 나 때문인 것만 같아.
sad,다 내탓이야.
sad,죄책감 때문에 요즘 잠도 설쳐.
sad,기껏 고백했는데 또 차였어.
sad,네 풀죽은 모습 너무 안쓰러워.
sad,마음이 너덜너덜해졌어.
sad,가슴이 산산조각 나는 것 같아.
sad,너를 생각하면 내 마음이 미어지는구나.
sad,참담한 심정을 이루 말로 다 표현할 수가 없습니다.
sad,참으로 비통한 마음입니다.
sad,어머니 웃는 모습을 본지도 오래됐어.
sad,나같은 불효자 때문에 어머니 고생하신 걸 생각하면...
sad,나같은 놈은 죽어야 돼.
sad,내가 이렇게 형편없는 사람일줄이야.
sad,하염없이 눈물만 흘러.
sad,내가 제일 못생겼어.
sad,의지를 완전히 상실했어.
sad,그 사람 보내고 상실감이 커.
sad,따님 많이 편찮으시다고 들었습니다.
sad,나만 없으면 다 해결될 일 아닌가?
sad,나도 언니처럼 공부 잘 했으면 좋겠다.
sad,형 반만큼만 잘생겼으면 좋았을텐데.
sad,아버지의 축 쳐진 어깨를 보니 마음이 아파.
sad,어머니 고우셨던 손이 많이 거칠어 졌어.
sad,어쩌다 우리는 이렇게 됐을까?
sad,너도 나를 좋아했었잖아.
sad,다 내 착각이었나봐.
sad,상황이 여러모로 많이 안 좋아.
sad,아이고 친구야 이렇게 먼저가면 어떡하니.
sad,남겨진 자식들이 불쌍해서 어떡하나.
sad,자식 먼저 보낸 부모심정을 아세요?
sad,이 애미는 어떡하라고 네가 먼저 떠나느냐.
sad,내가 너 대신 죽었으면 좋았으련만.
angry,유엔상임이사국인게 뭐가 그리 대수야?
angry,민주언론시민연합은 이번엔 좀 빠지쇼
angry,자꾸 어슬렁어슬렁하면서 빡치게 구네
angry,교육과학기술부가 저럴 줄 난들 알았냐?
angry,총학생회장이라는 꿈은 때려치우시죠
angry,민주노동총연합은 무릎꿇고 사죄하라
angry,무료급식배급소가 노숙자를 우롱했어
angry,권선징악이라더니 이 꼴이 뭐야 대체?
angry,선생님만이라도 제발 자중하시라구요
angry,웬만큼 알아들으셨으면 돌아가셔요 좀
angry,재무기획팀장은 뒤지게 맞아야 돼
angry,책임감이라고는 눈꼽만치도 없지 너는?
angry,여기서만이라도 닥치고 있지 않을래?
angry,네 멋대로만 하려면 당장 때려치워버려
angry,남이사 어디서 뭘 하든지 신경좀쓰지마
angry,너희들한테는 정의라는게 조금도 없냐?
angry,저 미친 놈 날뛰는 꼴 좀 안 보면 안돼?
angry,미꾸라지같은 새끼 잡히면 가만 안둬
angry,왜 쓸데없이 물러터져서는 걸리적거려?
angry,저런 시원찮은 놈은 거들떠보지도 말자
angry,네 나이에 정리정돈쯤은 알아서 해야지
angry,언론인이라는 집단이 저 따위 짓을 해?
angry,미안한데 구역질나니까 저리 꺼져줘
angry,죄 없는 사람 몰아세우려고 하지마
angry,그 쪽 쭉 지켜봤는데 되게 설치시더라고?
angry,인간적으로 너는 좀 빠져줬으면 해
angry,닭의 뇌를 가져도 저리 멍청하지는 않아
angry,너 어디서 그런 해괴망측한 말 배웠냐?
angry,저 양아치같은 새끼 좀 끌어내줘요
angry,네 가증스러운 미소 꼴 보기 싫으니 꺼져
angry,그 새끼 내가 진짜 복수 제대로 해줄거야
angry,정말 아버지마저 이렇게 나오실겁니까?
angry,할머니 앞에서 그게 무슨 말버릇이니!
angry,엄마 미쳐버리는 꼴 봐야 정신 차릴래?
angry,여기 와이파이가 안 터져서 짜증나요
angry,그렇게 구시렁대면 뭐가 달라지냐?
angry,저 좆같은 새끼 입 좀 다물게 죽여버릴래?
angry,얼쩡거리지 좀 말고 가만히 짜져있어
angry,이런 볼썽사나운 짓은 대체 누가 꾸몄냐?
angry,저 좆같은 놈들은 아예 상대를 하지말자
angry,네 말따위는 듣고 싶지 않으니까 닥쳐
angry,왜 김정은은 허구헌 날 미사일을 쏴대?
angry,저 쓰레기같은 기업 물건은 사지 맙시다
angry,별 시덥지도 않은 놈이 성질을 긁네
angry,너는 도대체 할 수 있는 게 이딴 짓 뿐이냐?
angry,내가 그놈 반쯤 죽여놓을 테니 같이 가자
angry,배신자의 눈에 피눈물이 흐르게 하라
angry,니들의 목숨이 남아나지 않을 거다
angry,걔는 어쩌면 그렇게 이기적일 수가 있어?
angry,듣는 사람 속 터지니까 그 입 다무세요
angry,그 사람 얼굴만 봐도 손이 부들부들 떨려
angry,저 새끼 발광하는 꼴 보기 전에 얼른 가자
angry,진로방해 하지말고 웬만하면 꺼지지?
angry,저 상스런 물건 당장 내 눈앞에서 치워
angry,우리 아들 괴롭힌 놈들 반쯤 죽여놓자
angry,면상 한 대 갈기기 전에 알아서 빌어
angry,당신 때문에 한 시도 쉴 수가 없잖아
angry,너 나한테 진짜 한 번 뒤지게 맞는다?
angry,엉덩이 뭉게고 있지 말고 빨리 움직여
angry,니 말은 전부 다 비겁한 변명일 뿐이야
angry,이 자식이 아주 바락 바락 기어 오르네?
angry,저 인간 쓰레기 사장 놈 엿 좀 먹이자
angry,그 사람 피 떡이 되도록 두들겨 패버려
angry,그 남자는 인간의 형상을 한 악마야
angry,저 잡 것들은 언제 한 번 손 좀 봐주자
angry,두 번 다시는 이런 일 꾸미지 마 제발 좀
angry,"대체 네가 뭔데 내 남친 행세야, 행세가?"
angry,너랑 나 오늘 아주 그냥 끝장을 내자
angry,좋은 말로 할 때 눈 깔고 무릎 꿇어라
angry,범죄자 주제에 꼴 사납게 깝치고 있어
angry,오냐 오냐 하니까 이제 눈에 뵈는 게 없냐?
angry,도저히 못 참겠다 우리 다 같이 말하자
angry,내 앞에서 네 보기 싫은 얼굴 저리 치워
angry,이 위중한 시국에 말이나 되는 소리냐?
angry,다시는 이런 일 없게 합시다 제발 좀
angry,앞으로 절대로 그런 짓은 하지도 마라
angry,계속해서 저렇게 억지 주장을 하고 있으니 저 모양이지.
angry,라디오 소리 좀 줄여달라는데 그게 그렇게 어렵습니까?
angry,제가 결제 취소는 안 된다고 누누이 말씀드렸을 텐데요?
angry,도대체 몇 번을 더 말씀드려야 술을 끊으시겠습니까?
angry,아내가 자꾸 속을 긁는데 참을 수가 있어야죠.
angry,한 번만 더 거짓말했다간 그땐 진짜 혼날 줄 알아.
angry,최소한 반성의 기미는 보여야 하는 것 아닙니까?
angry,"보자 보자 하니까, 싸우자는 거지 지금?"
angry,오늘 기분 안 좋으니까 건드리지 좀 마.
angry,화가 나서 가만히 있을 수가 없어.
angry,"어머니, 지긋지긋한 잔소리 이제 그만 좀 하세요."
angry,저들의 행태를 보면 아주 피가 거꾸로 솟아요.
angry,미치지 않고서야 인간이 그럴 수 있는 겁니까?
angry,조언을 해줘도 들은 척도 안 하고 있으니 답답하다.
angry,저 가증스러운 미소가 정말 소름 끼치게 싫어요.
angry,공인이면 공인답게 행동하셔야죠.
angry,자기 애를 저렇게 때린다니 짐승만도 못한 사람들이네요.
angry,어쩜 저렇게 뻔뻔한 태도로 일관할 수가 있죠?
angry,몇 번을 말해도 바뀌지 않으니 이젠 뭘 더 어떡해야 합니까?
angry,짜증 나게 노트북이 왜 이렇게 느리냐?
angry,여기저기 시비 거는 놈들은 아예 상대하지 말아야 해요.
angry,동창회 때 일은 생각할수록 신경질이 나.
angry,한동안 자중하고 사나 싶더니 또다시 설치고 다니네.
angry,지금 남의 영업장에서 뭐 하시는 겁니까?
angry,일 처리 계속 이딴 식으로 할 거면 그냥 관두세요.
angry,이런 식으로 계속 방해하시면 곤란합니다.
angry,하루 이틀도 아니고 아주 상습범이네요.
angry,폭언을 일삼는 그런 사람은 당장 잘라버려야 해요.
angry,그 말이 사실이라면 저 가만 있지 않을 겁니다.
angry,"정치인들을 봐, 다들 자기 잘났다고 저러고들 있으니 답이 없네."
angry,층간소음 때문에 열불이 나서 도저히 더는 못 참겠어요.
angry,"지난여름, 민박집에서 바가지 쓴 일만 생각하면 지금도 화가 나."
angry,음주운전은 본인뿐 아니라 타인에게까지 피해를 주는 강력범죄야.
angry,남자친구가 나 몰래 클럽에 갔다는 걸 알고 배신감을 느꼈어.
angry,옷가게에 갔는데 66 이상은 없다고 해서 기분이 상했어.
angry,외모지상주의에 빠진 현대사회의 병폐를 강력히 규탄한다!
angry,쓰레기 분리수거를 제대로 하지 않는 이웃들 때문에 화가 나.
angry,아동학대 뉴스를 볼 때마다 분노가 끓어오른다니까.
angry,기념일을 잊어버린 남자친구의 괘씸죄를 어떻게 하면 좋을까?
angry,뉴스에서 유기견 센터에 버려진 개들을 봤는데 정말 보기 불편하더라.
angry,편의점에서 교대시간마다 늦는 동료에게 따끔하게 한마디 했어.
angry,블로그에 나온 식당에 갔다가 터무니없는 비싼 가격을 보고 어처구니가 없었어.
angry,퇴근 후에도 카톡으로 업무지시를 하시는 부장님 때문에 폭발 직전이야.
angry,지금 무슨 소리를 하는 겁니까?
angry,얼마 전 소개팅에서 만난 남자에게 거절 의사를 밝혔는데도 계속 연락이 와서 귀찮아.
angry,극장에서 영화를 보는데 뒷좌석에서 자꾸 다리를 떠는 바람에 집중을 못 했어.
angry,사촌 언니 결혼식에 갔다가 친척들의 결혼 성화에 정말 비참했어.
angry,"불금이면 뭐하냐고, 오늘도 야근이라 언제 집에 갈 수 있을지도 모르는데."
angry,술만 먹으면 연락이 끊기는 남자친구에게 최후통첩했어.
angry,"어제 그 드라마, 고구마 전개에 완전 답답해 죽는 줄 알았다니까."
angry,헤어진 남자친구가 술만 마시면 자꾸 연락해서 정말 짜증나!
angry,아파트 베란다에서 담배 냄새가 올라오는 바람에 요즘 신경이 날카로워.
angry,"졸업 후에 연락도 없던 친구가 청첩장을 보낸 거야, 어찌나 얄밉던지."
angry,세상에서 갑질하는 사람들이 제일 싫어.
angry,자기 기분에 따라 부하직원들을 평가하는 상사랑 같이 일하는 건 고역이야.
angry,"나랑 헤어지고 한 달도 안 돼서 다른 여자랑 결혼이라니, 꼭 복수할 거야!"
angry,"적반하장도 유분수지, 불난 집에 부채질하냐?"
angry,"신입사원들한테 잘해줬더니, 날 물로 봤는지 자꾸 기어올라서 열 받아."
angry,"신은 정말 불공평해, 난 왜 물만 먹어도 살이 찌는 거야!"
angry,어제 소개팅남 앞에서 트림한 걸 생각하면 창피하고 신경질 나.
angry,선배라고 해서 무조건 후배들에게 밥 사주고 술 사주는 건 아니라고 봐.
angry,"화장실에서 내 뒷말 들었어, 잡히면 가만두지 않을 거야!"
angry,내가 10년 동안 애지중지 모아온 피겨를 엄마가 조카에게 줘버렸어.
angry,선거철만 되면 간이고 쓸개고 다 내줄 것처럼 구는 정치인들을 보면 정말 꼴불견이야.
angry,오래간만에 운전하는데 무단횡단하는 몰상식한 사람들 때문에 십 년 감수했다니까.
angry,10년 후에도 정규직이 못된 내 미래를 생각하면 가슴이 답답해.
angry,고작 이 연봉을 받으려고 그동안 그렇게 고생했었나 생각하면 억울하고 한심해.
angry,점심 메뉴를 본인 마음대로 결정하는 상사를 볼 때마다 정말 못마땅해.
angry,꼭 바쁜 시간에 보험 판매 전화가 자꾸 와서 짜증 나.
angry,"회사 구내식당은 저렴하고 깨끗해서 좋지만, 메뉴가 한결같아서 지겨워."
angry,퇴근 시간인데도 하는 일 없이 자리만 지키고 계신 부장님이 야속해.
angry,동생이 자기 구두 한 번 신었다고 난리를 치는 데 정말 얄밉더라.
angry,결혼 얘기만 나오면 꽁무니를 빼는 남자친구 때문에 미치겠어!
angry,"내가 한정판 가방을 못 샀다고 여자친구가 헤어지자고 해, 말이 돼?"
angry,"산 넘어 산이라더니, 학자금 대출 끝나고 나니까 이제는 결혼자금이 문제야."
angry,그동안 써온 이력서만 해도 100장이 넘는다구!
angry,동창회에 갔는데 결혼 못 한 사람은 나밖에 없더라구.
angry,"""젊어서 고생은 사서도 한다고?"" 그 고생, 언제 끝이냐고, 그 말 한 사람 만나서 묻고 싶다!"
angry,내 형편 알면서 신혼살림을 아파트에서 시작해야 한다고 여자친구가 고집을 피우는 거야.
angry,요즘 호감을 느끼고 만나는 직장동료가 있는데 진심을 모르겠어.
angry,"겉모습만 번지르르하면 뭐 해, 공중도덕도 안 지키는데!"
angry,계속해서 저렇게 억지주장을 하고 있으니 저 모양이지.
angry,이제 제발 그만 좀 하십시오.
angry,환불이 왜 안된다는 거예요?
angry,당신이 무슨 상관입니까?
angry,저 더 이상 화나게 하지 마세요.
angry,너무 시끄러워서 짜증나.
angry,그 쪽이 제 험담하고 다니신다면서요?
angry,그래서 지금 몇 시나고 물었잖아.
angry,그 쪽이랑은 말도 섞기 싫어요.
angry,너 지금 말대꾸하는 거니?
angry,라디오 소리 좀 줄여달라는데 그게 그렇게 어렵습니까?
angry,말이 좀 심하시네요.
angry,아 신경질나.
angry,도대체 몇 번을 더 말씀드려야 술을 끊으시겠습니까?
angry,다신 보고 싶지 않아.
angry,결혼이고 뭐고 다 집어 치워.
angry,어떻게 사람의 탈을 쓰고 그런 짓을 할 수 있니?
angry,제가 뭘 하든 더는 신경쓰지 마십시오.
angry,제 말이 우습게 들리십니까?
angry,나랏일 한다는 사람들이 저딴 짓을 해?
angry,어른 앞에서 그게 무슨 말버릇이니!
angry,화가 나서 속이 뒤집어질 것 같아.
angry,욕 좀 제발 그만 하라고 했지.
angry,살빼라는 소리 좀 그만해.
angry,내 돈으로 산 건데 뭐가 문제야.
angry,지하철에선 큰 소리로 통화하시면 안 된다고요.
angry,두 번 다신 이런 일 없었으면 좋겠습니다.
angry,불만이 있으면 말로 해.
angry,오냐오냐했더니 이젠 내가 우습냐?
angry,왜 자꾸 노려보는 건데?
angry,너 내 손에 잡히면 가만 안 둬.
angry,그딴식으로 할 거면 당장 다 때려치워.
angry,제가 알아서 잘 할테니까 간섭 좀 하지 마세요.
angry,제가 여러 번 경고했을텐데요?
angry,선생님 앞에서 지금 뭐하는 거니?
angry,결코 용서할 수 없어요.
angry,절대 용서 못 해.
angry,나중에 후회하지 말고 지금 내 말 들으라고.
angry,"저기요, 공원에서 취사행위는 불법입니다."
angry,"저기요, 쓰레기를 그냥 놓고가시면 어떡합니까?"
angry,좋은 말로 할 때 얼른 사과 하시죠?
angry,사과 할 줄 모르십니까?
angry,"양아치가 따로 없네요, 진짜."
angry,말 함부로 하지 마.
angry,말조심해.
angry,저런 악덕 기업 제품은 사지 맙시다.
angry,오늘 아주 네가 이기나 내가 이기나 결판을 내자.
angry,쟤가 자꾸 째려보잖아요.
angry,언제 본 사이라고 반말이세요?
angry,자꾸 이러시면 경찰에 신고할 겁니다.
angry,저런 인간말종은 사람 취급을 하면 안 돼요.
angry,자꾸 속을 긁는데 너무 화가 나더라고요.
angry,한 번만 더 거짓말했다간 그땐 진짜 혼날 줄 알아.
angry,돈 좀 있다고 거들먹거리는 것 좀 봐. 진짜 꼴보기 싫어.
angry,도대체 왜 멀쩡한 사람들까지 희생시키는 거야.
angry,나라꼴이 아주 엉망이라고요.
angry,그 사람은 도대체 뭐가 그리 당당한 거랍니까?
angry,자꾸 그렇게 네 고집만 피울거면 당장 그만둬.
angry,이참에 싹 다 잡아서 제대로 처벌해야 돼요.
angry,여러번 말씀드리지만 인신공격은 제발 좀 마세요.
angry,"야, 그러고도 니가 사람이냐?"
angry,사람을 죽이고 어쩜 저렇게 뻔뻔하게 살 수 있을까요?
angry,그만치 했으면 이제 그만 좀 하라고.
angry,저딴 인간은 아예 상종을 하지 말아야 한다고요.
angry,참 끝까지 이기적이시네요.
angry,애초에 잘못을 저지르지 말았어야죠.
angry,당신은 진짜 악질 중에 악질이군요.
angry,최소한 반성의 기미는 보여야 하는 것 아닙니까?
angry,그 쪽 때문에 제 꼴만 우스워졌다고요.
angry,기본적인 예의는 좀 갖추시죠.
angry,왜 쓸데없이 나서서 이 사단을 만들어?
angry,쓸데없는 소리나 하고 앉아있을 거면 당장 나가.
angry,새치기 좀 하지 마세요.
angry,지금이라도 빨리 수사를 시작해달라고요.
angry,자꾸 이런 식이면 다신 이 업계에 발도 못 붙이게 될 겁니다.
angry,공금 횡령에 금품 수수까지 진짜 너무하는 거 아닙니까?
angry,뭐 하나 제대로 된 게 없더라니까요.
angry,부끄러운 줄 아세요.
angry,"가지가지 한다, 진짜."
angry,"보자 보자 하니까, 싸우지는 거지 지금?"
angry,아주 인간쓰레기가 따로 없다니까요.
angry,오늘 기분 안 좋으니까 건드리지 좀 마.
angry,여기보다 부패한 기업도 없을 거예요.
angry,걔가 진짜 온갖 비리에 연루된 악의 축이라니까.
angry,언제까지 참기만 해야하는 겁니까?
angry,그런 여자는 엄마로서 자격이 없는 거죠.
angry,욱하는 그 버릇 좀 고치세요.
angry,"아직 정신을 못 차리셨나본데, 그러다가 큰일 납니다."
angry,아직도 그 일만 생각하면 분통이 터진다고요.
angry,끝끝내 미안하다는 말 안하고 가실 겁니까?
angry,어떻게 했길래 일이 이 지경이 된 거야?
angry,남의 집 귀한 자식한테 그게 무슨 막말입니까?
angry,자기 말이 곧 법인 사람들 너무 싫어요.
angry,지금 무슨 소리를 하는 겁니까? 아까랑 말이 다르잖아요.
angry,나잇값 좀 하시죠.
angry,지긋지긋한 잔소리 이제 그만 좀 하세요.
angry,너는 오랜만에 만나서 한다는 소리가 겨우 그거냐?
angry,이젠 쟤 목소리만 들려도 아주 진절머리가 난다니까.
angry,싹 다 엎어버리기 전에 그만해라.
angry,앞에서 자꾸 알짱거리면서 거슬리게 하면 가만 안 둬.
angry,네 나이에 돈 관리는 알아서 좀 해야지.
angry,무고한 사람 죄인으로 몰아붙이지 마시라고요.
angry,그게 강요한다고 될 일입니까?
angry,알았으니까 이제 더는 귀찮게 하지 좀 마.
angry,이런 사람이 아직까지 학교에 몸담고 있다는 게 말이나 됩니까?
angry,이건 살인미수죠. 왜 처벌이 이렇게 약한 겁니까?
angry,"아직도 저렇게 남탓만 하고 있으니, 한심하네요."
angry,그렇게 상처를 주고도 아직 사과 한마디 없어요.
angry,쟤 얼굴만 봐도 속이 부글부글 끓는다니까.
angry,눈치가 없는 건지 모르는 척 하는 건지.
angry,꼴값하지 말고 정신 좀 차려.
angry,너 때문에 우리 회사 이미지 다 망쳤어.
angry,가정교육이 그 모양이니 애가 버릇이 없는 거겠죠.
angry,저정도면 성격파탄자 아니냐?
angry,저들의 행태를 보면 아주 피가 거꾸로 솟아요.
angry,배웠다는 사람이 저러고 있으니 한심합니다.
angry,미치지 않고서야 인간이 그럴 수 있는 겁니까?
angry,조언을 해줘도 들은 척도 안 하고 있으니 답답하다.
angry,그게 진심으로 사과하는 사람의 태도입니까?
angry,더는 흐지부지 넘어가서는 안된다고요.
angry,그 천박한 행태를 더는 두고볼 수가 없어요.
angry,선생님마저도 이렇게 계속 버티고 계실 겁니까?
angry,쟤가 보기보다 아주 비겁한 애라고요.
angry,이게 운다고 해결될 일이냐?
angry,무슨 생각으로 저렇게 사는 건지. 한심하다 한심해.
angry,저 가증스러운 미소가 정말 소름끼치게 싫어요.
angry,알았으니까 제발 악 좀 쓰지 말라고.
angry,너 말 한마디 때문에 내 꼴이 아주 우스워졌다고. 알기나 해?
angry,주접떨지 말고 집에나 가라.
angry,공인이면 공인답게 행동하셔야죠.
angry,자기 애를 저렇게 때리다니 짐승만도 못한 부모네요.
angry,어쩜 저렇게 뻔뻔한 태도로 일관할 수가 있죠?
angry,무슨 생각으로 저렇게 막사나 몰라.
angry,치사하게 뭐하는 짓입니까?
angry,몇 번을 말해도 바뀌질 않으니 이젠 뭘 더 어떡해야 합니까?
angry,그 사람에 대한 얘기라면 별로 듣고 싶지 않아요.
angry,여기저기 시비거는 놈들은 아예 상대를 하지 말아야 돼요.
angry,또 시비거는 거냐?
angry,네가 뭔데 우리 아들 얼굴에 손을 대?
angry,언제까지 사장 행세하고 다닐 겁니까?
angry,두 번 다신 이런 일 없게 주의 좀 해주시죠.
angry,한동안 자중하고 사나 싶더니 또 다시 설치고 다니네.
angry,일처리 계속 이딴 식으로 할 거면 그냥 관두세요.
angry,제가 한 일이 아니라니까요?
angry,이런 식으로 계속 방해하시면 곤란합니다.
angry,하루 이틀도 아니고 아주 상습범이네요.
angry,직원들 태도를 보니 아주 회사가 개판이네요.
angry,폭언을 일삼는 그런 사장은 당장 잘라버려야 돼요.
angry,오만하고 뻔뻔한 저 태도에 기가 찹니다.
angry,불난 집에 부채질 하냐?
angry,사람의 탈을 쓴 악마가 따로 없네.
angry,그 말이 사실이라면 저 가만 있지 않을겁니다.
angry,갈 수록 가관이네요.
angry,보면 볼수록 욕밖에 안 나온다.
angry,다들 자기 잘났다고 저러고들 있으니 답이 없네.
angry,열불이 나서 도저히 더는 못 참겠어요.
